pid,title,brand,rating,n_reviews,url,price,category_name
9200000108340791,Apple AirPods 2 - met reguliere oplaadcase,Apple,"4,6",1865,https://www.bol.com/nl/nl/p/apple-airpods-airpods-headset-true-wireless-stereo-in-ear-oproepen-muziek-bluetooth-wit/9200000108340791/?bltgh=jR-93Nkt75B-CRPQCHRKoQ.3_19.20.ProductTitle,"133,00",Audio & Hifi
9200000065666274,Apple EarPods met lightning aansluiting,Apple,"3,5",676,https://www.bol.com/nl/nl/p/apple-earpods-met-lightning-aansluiting/9200000065666274/?bltgh=jR-93Nkt75B-CRPQCHRKoQ.3_19.21.ProductTitle,"19,95",Audio & Hifi
9300000123041487,Apple AirPods 3 - met reguliere oplaadcase,Apple,"4,3",194,https://www.bol.com/nl/nl/p/apple-airpods-3-met-reguliere-oplaadcase/9300000123041487/?bltgh=jR-93Nkt75B-CRPQCHRKoQ.3_19.22.ProductTitle,"188,00",Audio & Hifi
9300000140801773,Golden Sound Draadloze Koptelefoon - Active Noise Cancelling - Ambient Mode - 60+ batterijduur - Over ear - Conversation mode - Draadloos - Hybrid ANC tot 35dB - Zwart,Golden Sound,"4,8",33,https://www.bol.com/nl/nl/p/golden-sound-koptelefoon-active-noise-cancelling-ambient-mode-70-batterijduur/9300000140801773/?bltgh=jR-93Nkt75B-CRPQCHRKoQ.3_19.23.ProductTitle,"89,99",Audio & Hifi
9300000158542023,JBL LIVE 660NC - Draadloze over-ear koptelefoon - Zwart + JBL Rugzak,JBL,"4,4",109,https://www.bol.com/nl/nl/p/jbl-live-660nc-draadloze-over-ear-koptelefoon-zwart-jbl-rugzak/9300000158542023/?bltgh=jR-93Nkt75B-CRPQCHRKoQ.3_19.24.ProductTitle,"105,00",Audio & Hifi
9300000025109728,JBL Tune 510BT - Draadloze on-ear koptelefoon - Zwart,JBL,"4,4",342,https://www.bol.com/nl/nl/p/jbl-tune-510bt-draadloze-on-ear-koptelefoon-zwart/9300000025109728/?bltgh=jR-93Nkt75B-CRPQCHRKoQ.3_19.25.ProductTitle,"34,99",Audio & Hifi
9300000123041488,Apple AirPods Pro 2 - met MagSafe oplaadcase (Lightning),Apple,"4,7",179,https://www.bol.com/nl/nl/p/apple-airpods-pro-airpods-pro-hoofdtelefoons-draadloos-in-ear-oproepen-muziek-bluetooth-wit/9300000123041488/?bltgh=jR-93Nkt75B-CRPQCHRKoQ.3_19.26.ProductTitle,"258,00",Audio & Hifi
9300000058824362,JBL Tune 230NC TWS - Volledig Draadloze Oordopjes Met Noise Cancelling - Zwart,JBL,"3,9",318,https://www.bol.com/nl/nl/p/jbl-tune-230nc-tws-volledig-draadloze-oordopjes-met-noise-cancelling-zwart/9300000058824362/?bltgh=jR-93Nkt75B-CRPQCHRKoQ.3_19.27.ProductTitle,"69,00",Audio & Hifi
9300000152632682,Draadloze Oordopjes iPhone - Geschikt voor Apple Oortjes - Bluetooth - EarBuds - iPhone - iPad - Lange Batterijduur - Comfortabel Draagcomfort - Geweldige Geluidskwaliteit - Origineel Phreeze,Phreeze,"4,3",47,https://www.bol.com/nl/nl/p/draadloze-oordopjes-iphone-geschikt-voor-apple-oortjes-bluetooth-earbuds-iphone-ipad-lange-batterijduur-comfortabel-draagcomfort-geweldige-geluidskwaliteit-origineel-phreeze/9300000152632682/?bltgh=jR-93Nkt75B-CRPQCHRKoQ.3_19.28.ProductTitle,"24,95",Audio & Hifi
9300000110615717,JBL Flip Essential 2 - Bluetooth Speaker - Zwart,JBL,"4,7",93,https://www.bol.com/nl/nl/p/jbl-flip-essential-2-bluetooth-speaker-zwart/9300000110615717/?bltgh=jR-93Nkt75B-CRPQCHRKoQ.3_19.29.ProductTitle,"75,00",Audio & Hifi
9300000101422099,JBL Charge Essential 2 - Bluetooth Speaker - Zwart,JBL,"4,7",117,https://www.bol.com/nl/nl/p/jbl-charge-essential-2-bluetooth-speaker-zwart/9300000101422099/?bltgh=jR-93Nkt75B-CRPQCHRKoQ.3_19.30.ProductTitle,"95,00",Audio & Hifi
9300000114127731,Samsung Galaxy Buds 2 Pro - Draadloze oordopjes met Noise Cancelling - Gray,Samsung,"4,4",61,https://www.bol.com/nl/nl/p/samsung-galaxy-buds-2-pro-draadloze-oordopjes-met-noise-cancelling-gray/9300000114127731/?bltgh=jR-93Nkt75B-CRPQCHRKoQ.3_19.31.ProductTitle,"147,50",Audio & Hifi
9300000160673713,QuchiQ™ Volledig Draadloze Oordopjes - Oordopjes Draadloos - In-ear Oordopjes - Earpods - Extra Bass - Wireless Earphones - Sport Oordopjes - Wireless Earbuds met Oplaadcase - Zwart,QuchiQ,"4,0",151,https://www.bol.com/nl/nl/p/quchiq-volledig-draadloze-oordopjes-oordopjes-draadloos-in-ear-oordopjes-earpods-extra-bass-wireless-earphones-sport-oordopjes-wireless-earbuds-met-oplaadcase-zwart/9300000160673713/?bltgh=jR-93Nkt75B-CRPQCHRKoQ.3_19.32.ProductTitle,"27,95",Audio & Hifi
9300000160673714,QuchiQ™ Draadloze Oordopjes - Oordopjes Draadloos - Earpods - Bluetooth Oortjes - Wireless Earphones - Sport Oordopjes - Wireless Earbuds met Oplaadcase - Zwart,QuchiQ,"4,0",151,https://www.bol.com/nl/nl/p/quchiq-draadloze-oordopjes-oordopjes-draadloos-earpods-bluetooth-oortjes-wireless-earphones-sport-oordopjes-wireless-earbuds-met-oplaadcase-zwart/9300000160673714/?bltgh=jR-93Nkt75B-CRPQCHRKoQ.3_19.33.ProductTitle,"29,95",Audio & Hifi
9300000160673716,QuchiQ™ Draadloze Oordopjes - Oordopjes Draadloos - Bluetooth Oortjes - Earpods Draadloos - Wireless Earphones - Sport Oordopjes - Wireless Earbuds met Oplaadcase | Wit,QuchiQ,"4,0",151,https://www.bol.com/nl/nl/p/quchiq-draadloze-oordopjes-oordopjes-draadloos-bluetooth-oortjes-earpods-draadloos-wireless-earphones-sport-oordopjes-wireless-earbuds-met-oplaadcase-wit/9300000160673716/?bltgh=jR-93Nkt75B-CRPQCHRKoQ.3_19.34.ProductTitle,"29,95",Audio & Hifi
9300000160673718,QuchiQ™ Draadloze Oordopjes - Oordopjes Draadloos - In-ear Oordopjes - Active Noise Cancelling ANC - Earpods - Sport Oordopjes - Wireless Earbuds met Oplaadcase - Zwart,QuchiQ,"4,0",151,https://www.bol.com/nl/nl/p/quchiq-draadloze-oordopjes-oordopjes-draadloos-in-ear-oordopjes-active-noise-cancelling-anc-earpods-sport-oordopjes-wireless-earbuds-met-oplaadcase-zwart/9300000160673718/?bltgh=jR-93Nkt75B-CRPQCHRKoQ.3_19.35.ProductTitle,"29,95",Audio & Hifi
9300000061790924,QuchiQ™ Draadloze Oordopjes - Oordopjes Draadloos - Bluetooth Oortjes - Earpods Draadloos - Wireless Earphones - Sport Oordopjes - Wireless Earbuds met Oplaadcase - Zwart,QuchiQ,"4,0",151,https://www.bol.com/nl/nl/p/quchiq-draadloze-oordopjes-oordopjes-draadloos-bluetooth-oortjes-earpods-draadloos-wireless-earphones-sport-oordopjes-wireless-earbuds-met-oplaadcase-zwart/9300000061790924/?bltgh=jR-93Nkt75B-CRPQCHRKoQ.3_19.36.ProductTitle,"27,95",Audio & Hifi
9300000006173040,Sony WH-1000XM4 - Draadloze over-ear koptelefoon met Noise Cancelling - Zwart,Sony,"4,5",339,https://www.bol.com/nl/nl/p/sony-wh-1000xm4-draadloze-over-ear-koptelefoon-met-noise-cancelling-zwart/9300000006173040/?bltgh=jR-93Nkt75B-CRPQCHRKoQ.3_19.37.ProductTitle,"245,00",Audio & Hifi
9200000075472002,"Apple EarPods met 3,5mm headphone jack (koptelefoonaansluiting)",Apple,"3,6",863,https://www.bol.com/nl/nl/p/apple-earpods-met-3-5mm-headphone-jack/9200000075472002/?bltgh=jR-93Nkt75B-CRPQCHRKoQ.3_19.38.ProductTitle,"16,49",Audio & Hifi
9300000044042254,JBL Tune 760NC - Draadloze over-ear koptelefoon met noise cancelling - Wit,JBL,"4,3",149,https://www.bol.com/nl/nl/p/jbl-tune-760nc-draadloze-over-ear-koptelefoon-met-noise-cancelling-wit/9300000044042254/?bltgh=jR-93Nkt75B-CRPQCHRKoQ.3_19.39.ProductTitle,"75,00",Audio & Hifi
9300000112512510,JBL Bar 2.1 - Soundbar met Draadloze Subwoofer geschikt voor TV - Deep Bass (MK2) - Zwart,JBL,"4,4",10,https://www.bol.com/nl/nl/p/jbl-bar-2-1-soundbar-met-draadloze-subwoofer-deep-bass-zwart/9300000112512510/?bltgh=jR-93Nkt75B-CRPQCHRKoQ.3_19.40.ProductTitle,"249,00",Audio & Hifi
9300000044042050,JBL Tune 710BT - Draadloze over-ear koptelefoon - Zwart,JBL,"4,3",114,https://www.bol.com/nl/nl/p/jbl-tune-710bt-draadloze-over-ear-koptelefoon-zwart/9300000044042050/?bltgh=jR-93Nkt75B-CRPQCHRKoQ.3_19.41.ProductTitle,"79,00",Audio & Hifi
9300000047955451,JBL PartyBox 310 - Bluetooth Party Speaker met Microfoon - Zwart,JBL,"4,8",99,https://www.bol.com/nl/nl/p/jbl-party-box-310-powerful-portable-party-speaker-with-battery-and-wheels-mic-zwart/9300000047955451/?bltgh=jR-93Nkt75B-CRPQCHRKoQ.3_19.42.ProductTitle,"429,00",Audio & Hifi
9200000108340791,Apple AirPods 2 - met reguliere oplaadcase,Apple,"4,6",1865,https://www.bol.com/nl/nl/p/apple-airpods-airpods-headset-true-wireless-stereo-in-ear-oproepen-muziek-bluetooth-wit/9200000108340791/?bltgh=js45vKiwKz553kJ4nXpErA.3_19.20.ProductTitle,"132,99",Audio & Hifi
9200000065666274,Apple EarPods met lightning aansluiting,Apple,"3,5",676,https://www.bol.com/nl/nl/p/apple-earpods-met-lightning-aansluiting/9200000065666274/?bltgh=js45vKiwKz553kJ4nXpErA.3_19.21.ProductTitle,"19,95",Audio & Hifi
9300000123041487,Apple AirPods 3 - met reguliere oplaadcase,Apple,"4,3",194,https://www.bol.com/nl/nl/p/apple-airpods-3-met-reguliere-oplaadcase/9300000123041487/?bltgh=js45vKiwKz553kJ4nXpErA.3_19.22.ProductTitle,"188,00",Audio & Hifi
9300000140801773,Golden Sound Draadloze Koptelefoon - Active Noise Cancelling - Ambient Mode - 60+ batterijduur - Over ear - Conversation mode - Draadloos - Hybrid ANC tot 35dB - Zwart,Golden Sound,"4,8",33,https://www.bol.com/nl/nl/p/golden-sound-koptelefoon-active-noise-cancelling-ambient-mode-70-batterijduur/9300000140801773/?bltgh=js45vKiwKz553kJ4nXpErA.3_19.23.ProductTitle,"89,99",Audio & Hifi
9300000158542023,JBL LIVE 660NC - Draadloze over-ear koptelefoon - Zwart + JBL Rugzak,JBL,"4,4",109,https://www.bol.com/nl/nl/p/jbl-live-660nc-draadloze-over-ear-koptelefoon-zwart-jbl-rugzak/9300000158542023/?bltgh=js45vKiwKz553kJ4nXpErA.3_19.24.ProductTitle,"105,00",Audio & Hifi
9300000025109728,JBL Tune 510BT - Draadloze on-ear koptelefoon - Zwart,JBL,"4,4",343,https://www.bol.com/nl/nl/p/jbl-tune-510bt-draadloze-on-ear-koptelefoon-zwart/9300000025109728/?bltgh=js45vKiwKz553kJ4nXpErA.3_19.25.ProductTitle,"34,99",Audio & Hifi
9300000123041488,Apple AirPods Pro 2 - met MagSafe oplaadcase (Lightning),Apple,"4,7",179,https://www.bol.com/nl/nl/p/apple-airpods-pro-airpods-pro-hoofdtelefoons-draadloos-in-ear-oproepen-muziek-bluetooth-wit/9300000123041488/?bltgh=js45vKiwKz553kJ4nXpErA.3_19.27.ProductTitle,"258,00",Audio & Hifi
9300000058824362,JBL Tune 230NC TWS - Volledig Draadloze Oordopjes Met Noise Cancelling - Zwart,JBL,"3,9",318,https://www.bol.com/nl/nl/p/jbl-tune-230nc-tws-volledig-draadloze-oordopjes-met-noise-cancelling-zwart/9300000058824362/?bltgh=js45vKiwKz553kJ4nXpErA.3_19.28.ProductTitle,"69,00",Audio & Hifi
9300000152632682,Draadloze Oordopjes iPhone - Geschikt voor Apple Oortjes - Bluetooth - EarBuds - iPhone - iPad - Lange Batterijduur - Comfortabel Draagcomfort - Geweldige Geluidskwaliteit - Origineel Phreeze,Phreeze,"4,3",47,https://www.bol.com/nl/nl/p/draadloze-oordopjes-iphone-geschikt-voor-apple-oortjes-bluetooth-earbuds-iphone-ipad-lange-batterijduur-comfortabel-draagcomfort-geweldige-geluidskwaliteit-origineel-phreeze/9300000152632682/?bltgh=js45vKiwKz553kJ4nXpErA.3_19.29.ProductTitle,"24,95",Audio & Hifi
9300000110615717,JBL Flip Essential 2 - Bluetooth Speaker - Zwart,JBL,"4,7",93,https://www.bol.com/nl/nl/p/jbl-flip-essential-2-bluetooth-speaker-zwart/9300000110615717/?bltgh=js45vKiwKz553kJ4nXpErA.3_19.30.ProductTitle,"75,00",Audio & Hifi
9300000101422099,JBL Charge Essential 2 - Bluetooth Speaker - Zwart,JBL,"4,7",117,https://www.bol.com/nl/nl/p/jbl-charge-essential-2-bluetooth-speaker-zwart/9300000101422099/?bltgh=js45vKiwKz553kJ4nXpErA.3_19.31.ProductTitle,"95,00",Audio & Hifi
9300000114127731,Samsung Galaxy Buds 2 Pro - Draadloze oordopjes met Noise Cancelling - Gray,Samsung,"4,4",61,https://www.bol.com/nl/nl/p/samsung-galaxy-buds-2-pro-draadloze-oordopjes-met-noise-cancelling-gray/9300000114127731/?bltgh=js45vKiwKz553kJ4nXpErA.3_19.32.ProductTitle,"153,00",Audio & Hifi
9300000160673713,QuchiQ™ Volledig Draadloze Oordopjes - Oordopjes Draadloos - In-ear Oordopjes - Earpods - Extra Bass - Wireless Earphones - Sport Oordopjes - Wireless Earbuds met Oplaadcase - Zwart,QuchiQ,"4,0",151,https://www.bol.com/nl/nl/p/quchiq-volledig-draadloze-oordopjes-oordopjes-draadloos-in-ear-oordopjes-earpods-extra-bass-wireless-earphones-sport-oordopjes-wireless-earbuds-met-oplaadcase-zwart/9300000160673713/?bltgh=js45vKiwKz553kJ4nXpErA.3_19.33.ProductTitle,"27,95",Audio & Hifi
9300000160673714,QuchiQ™ Draadloze Oordopjes - Oordopjes Draadloos - Earpods - Bluetooth Oortjes - Wireless Earphones - Sport Oordopjes - Wireless Earbuds met Oplaadcase - Zwart,QuchiQ,"4,0",151,https://www.bol.com/nl/nl/p/quchiq-draadloze-oordopjes-oordopjes-draadloos-earpods-bluetooth-oortjes-wireless-earphones-sport-oordopjes-wireless-earbuds-met-oplaadcase-zwart/9300000160673714/?bltgh=js45vKiwKz553kJ4nXpErA.3_19.34.ProductTitle,"29,95",Audio & Hifi
9300000160673716,QuchiQ™ Draadloze Oordopjes - Oordopjes Draadloos - Bluetooth Oortjes - Earpods Draadloos - Wireless Earphones - Sport Oordopjes - Wireless Earbuds met Oplaadcase | Wit,QuchiQ,"4,0",151,https://www.bol.com/nl/nl/p/quchiq-draadloze-oordopjes-oordopjes-draadloos-bluetooth-oortjes-earpods-draadloos-wireless-earphones-sport-oordopjes-wireless-earbuds-met-oplaadcase-wit/9300000160673716/?bltgh=js45vKiwKz553kJ4nXpErA.3_19.35.ProductTitle,"29,95",Audio & Hifi
9300000160673718,QuchiQ™ Draadloze Oordopjes - Oordopjes Draadloos - In-ear Oordopjes - Active Noise Cancelling ANC - Earpods - Sport Oordopjes - Wireless Earbuds met Oplaadcase - Zwart,QuchiQ,"4,0",151,https://www.bol.com/nl/nl/p/quchiq-draadloze-oordopjes-oordopjes-draadloos-in-ear-oordopjes-active-noise-cancelling-anc-earpods-sport-oordopjes-wireless-earbuds-met-oplaadcase-zwart/9300000160673718/?bltgh=js45vKiwKz553kJ4nXpErA.3_19.36.ProductTitle,"29,95",Audio & Hifi
9300000061790924,QuchiQ™ Draadloze Oordopjes - Oordopjes Draadloos - Bluetooth Oortjes - Earpods Draadloos - Wireless Earphones - Sport Oordopjes - Wireless Earbuds met Oplaadcase - Zwart,QuchiQ,"4,0",151,https://www.bol.com/nl/nl/p/quchiq-draadloze-oordopjes-oordopjes-draadloos-bluetooth-oortjes-earpods-draadloos-wireless-earphones-sport-oordopjes-wireless-earbuds-met-oplaadcase-zwart/9300000061790924/?bltgh=js45vKiwKz553kJ4nXpErA.3_19.37.ProductTitle,"27,95",Audio & Hifi
9300000006173040,Sony WH-1000XM4 - Draadloze over-ear koptelefoon met Noise Cancelling - Zwart,Sony,"4,5",339,https://www.bol.com/nl/nl/p/sony-wh-1000xm4-draadloze-over-ear-koptelefoon-met-noise-cancelling-zwart/9300000006173040/?bltgh=js45vKiwKz553kJ4nXpErA.3_19.38.ProductTitle,"245,00",Audio & Hifi
9200000075472002,"Apple EarPods met 3,5mm headphone jack (koptelefoonaansluiting)",Apple,"3,6",863,https://www.bol.com/nl/nl/p/apple-earpods-met-3-5mm-headphone-jack/9200000075472002/?bltgh=js45vKiwKz553kJ4nXpErA.3_19.39.ProductTitle,"16,49",Audio & Hifi
9300000044042254,JBL Tune 760NC - Draadloze over-ear koptelefoon met noise cancelling - Wit,JBL,"4,3",149,https://www.bol.com/nl/nl/p/jbl-tune-760nc-draadloze-over-ear-koptelefoon-met-noise-cancelling-wit/9300000044042254/?bltgh=js45vKiwKz553kJ4nXpErA.3_19.40.ProductTitle,"75,00",Audio & Hifi
9300000044042050,JBL Tune 710BT - Draadloze over-ear koptelefoon - Zwart,JBL,"4,3",114,https://www.bol.com/nl/nl/p/jbl-tune-710bt-draadloze-over-ear-koptelefoon-zwart/9300000044042050/?bltgh=js45vKiwKz553kJ4nXpErA.3_19.41.ProductTitle,"79,00",Audio & Hifi
9300000047955451,JBL PartyBox 310 - Bluetooth Party Speaker met Microfoon - Zwart,JBL,"4,8",99,https://www.bol.com/nl/nl/p/jbl-party-box-310-powerful-portable-party-speaker-with-battery-and-wheels-mic-zwart/9300000047955451/?bltgh=js45vKiwKz553kJ4nXpErA.3_19.42.ProductTitle,"429,00",Audio & Hifi
9300000001023970,Wegman Bluetooth FM Transmitter - Autolader - Bluetooth Carkit,Wegman,"4,7",1183,https://www.bol.com/nl/nl/p/wegman-bluetooth-fm-transmitter-autolader-bluetooth-carkit/9300000001023970/?bltgh=js45vKiwKz553kJ4nXpErA.3_19.43.ProductTitle,"21,20",Audio & Hifi
9300000120297806,Geschikt voor Airpods pro 1/2 - Airpods pro dopjes - Airpods pro tips - Airpods tips - Siliconen oordopjes - Eartips - Oortips voor airpods pro - 3 paar - Maat S/M/L - airpods dopjes,Merkloos,"3,4",7,https://www.bol.com/nl/nl/p/geschikt-voor-airpods-pro-1-2-airpods-pro-dopjes-airpods-pro-tips-airpods-tips-siliconen-oordopjes-eartips-oortips-voor-airpods-pro-3-paar-maat-s-m-l-airpods-dopjes/9300000120297806/?bltgh=nZo3CEx2LcIwzTbN32lPXg.3_19.20.ProductTitle,"3,65",Audio & Hifi
9300000153132978,GØDLY® V Premium Draadloze Oordopjes - Bluetooth Oordopjes - Draadloze Oortjes Bluetooth - Oortjes Draadloos - Oordopjes Draadloos - Wireless Earbuds - In-ear oordopjes - Wit,Gødly,"4,6",14,https://www.bol.com/nl/nl/p/godly-v5-0-draadloze-oordopjes-bluetooth-oordopjes-draadloze-oortjes-bluetooth-oortjes-draadloos-oordopjes-draadloos-wireless-earbuds-in-ear-oordopjes-wit/9300000153132978/?bltgh=nZo3CEx2LcIwzTbN32lPXg.3_19.21.ProductTitle,"39,95",Audio & Hifi
9300000134967540,Golden Sound Buds - Draadloze oordopjes - Active Noise Cancelling - Ambient mode - Geschikt voor IOS & Android - Extra Bass,Golden Sound,"4,7",204,https://www.bol.com/nl/nl/p/golden-sound-buds-draadloze-oordopjes-active-noise-cancelling-ambient-mode-geschikt-voor-apple-android-extra-bass/9300000134967540/?bltgh=nZo3CEx2LcIwzTbN32lPXg.3_19.22.ProductTitle,"53,99",Audio & Hifi
9300000096972714,Sony WH-1000XM5 - Draadloze koptelefoon met Noise Cancelling - Zwart,Sony,"4,4",48,https://www.bol.com/nl/nl/p/sony-wh-1000xm5-draadloze-koptelefoon-met-noise-cancelling-zwart/9300000096972714/?bltgh=nZo3CEx2LcIwzTbN32lPXg.3_19.23.ProductTitle,"348,00",Audio & Hifi
9300000095349012,JBL Tune Flex - True Wireless Noise Cancelling Headphone - Ghost Black,JBL,"4,1",15,https://www.bol.com/nl/nl/p/jbl-tune-flex-true-wireless-noise-cancelling-headphone-ghost-black/9300000095349012/?bltgh=nZo3CEx2LcIwzTbN32lPXg.3_19.24.ProductTitle,"81,00",Audio & Hifi
9300000078822317,JLAB GO Air Sport bluetooth oordopjes - Draadloze Oordopjes – Oortjes draadloos - Bluetooth Sport Oortjes - Sport oordopjes - 32 uur speeltijd - IP55 Waterbestendig - Aanpasbare EQ3 instellingen - Zwart,JLab,"4,1",169,https://www.bol.com/nl/nl/p/jlab-go-air-sport-volledig-draadloze-oordopjes-draadloze-oordopjes-bluetooth-oordopjes-bluetooth-sport-oortjes-sport-oordopjes-32-uur-speeltijd-ip55-waterbestendig-aanpasbare-eq3-instellingen-graphite/9300000078822317/?bltgh=nZo3CEx2LcIwzTbN32lPXg.3_19.25.ProductTitle,"32,99",Audio & Hifi
9300000110350579,JBL PartyBox Encore - Draadloze Bluetooth Speaker met microfoon - Zwart,JBL,"4,8",26,https://www.bol.com/nl/nl/p/jbl-partybox-encore-draadloze-bluetooth-speaker-met-microfoon-zwart/9300000110350579/?bltgh=nZo3CEx2LcIwzTbN32lPXg.3_19.26.ProductTitle,"280,00",Audio & Hifi
9300000111014546,Avalue Draadloze Oordopjes met Bluetooth 5.0 - Oortjes Draadloos Geschikt voor Apple & Android - 28 uur Batterijduur Earpods,Avalue,"4,1",31,https://www.bol.com/nl/nl/p/avalue-draadloze-oordopjes-met-bluetooth-5-0-oortjes-geschikt-voor-apple-android-28-uur-batterijduur-earpods/9300000111014546/?bltgh=nZo3CEx2LcIwzTbN32lPXg.3_19.28.ProductTitle,"29,00",Audio & Hifi
9300000153582752,Sony WF-1000XM5 - Volledig draadloze oordopjes met Noise Cancelling - Zwart,Sony,"4,7",10,https://www.bol.com/nl/nl/p/sony-wf-1000xm5-volledig-draadloze-oordopjes-met-noise-cancelling-zwart/9300000153582752/?bltgh=nZo3CEx2LcIwzTbN32lPXg.3_19.29.ProductTitle,"299,00",Audio & Hifi
9300000009699479,JBL JR310BT Kids - Draadloze on-ear koptelefoon - Blauw/Roze,JBL,"4,5",330,https://www.bol.com/nl/nl/p/jbl-jr310bt-kids-draadloze-on-ear-koptelefoon-blauw-roze/9300000009699479/?bltgh=nZo3CEx2LcIwzTbN32lPXg.3_19.30.ProductTitle,"44,95",Audio & Hifi
9300000134562952,"Nubex® Draadloze Oordopjes - Bluetooth 5.3 - 30 Uur Afspeeltijd - IPX5 Waterdicht - Touch Bediening - Geschikt voor iPhone, Samsung en Meer",Nubex,"4,5",215,https://www.bol.com/nl/nl/p/nubex-draadloze-oordopjes-met-oplaadcase-oordopjes-draadloos-bluetooth-5-3-sport-earbuds-geschikt-voor-apple-en-android-oortjes-zwart/9300000134562952/?bltgh=nZo3CEx2LcIwzTbN32lPXg.3_19.31.ProductTitle,"29,95",Audio & Hifi
9300000024877860,Auronic QuietSound Bluetooth Koptelefoon Draadloos - Over-ear - Active Noise Cancelling - Microfoon - Incl. Carry Case - Zwart,Auronic,"4,5",274,https://www.bol.com/nl/nl/p/auronic-quietsound-bluetooth-koptelefoon-draadloos-over-ear-active-noise-cancelling-microfoon-incl-carry-case-zwart/9300000024877860/?bltgh=nZo3CEx2LcIwzTbN32lPXg.3_19.32.ProductTitle,"48,99",Audio & Hifi
9300000044174667,Pulver - draadloos Speaker Zwart - Muziek box - TG Prox - 10 watt - Speakers - geschikt voor Bluetooth,Pulver,"4,4",113,https://www.bol.com/nl/nl/p/pulver-draadloos-speaker-zwart-muziek-box-tg-prox-10-watt-speakers-geschikt-voor-bluetooth/9300000044174667/?bltgh=nZo3CEx2LcIwzTbN32lPXg.3_19.33.ProductTitle,"22,95",Audio & Hifi
9300000075742658,VAIVE HiFi MP3 / MP4 Speler Bluetooth - Voice recorder - Dicatafoon - FM radio,VAIVE,"3,8",170,https://www.bol.com/nl/nl/p/vaive-hifi-mp3-mp4-speler-bluetooth-voice-recorder-dicatafoon-fm-radio/9300000075742658/?bltgh=nZo3CEx2LcIwzTbN32lPXg.3_19.38.ProductTitle,"29,95",Audio & Hifi
9300000041233269,Samsung in-ear oordopjes - USB-C aansluiting - voor Galaxy S20/S21 en Note 10/Note20,Samsung,"3,2",36,https://www.bol.com/nl/nl/p/samsung-in-ear-oordopjes-usb-c-aansluiting-voor-galaxy-s20-s21-en-note-10-note20/9300000041233269/?bltgh=nZo3CEx2LcIwzTbN32lPXg.3_19.39.ProductTitle,"17,99",Audio & Hifi
9300000033563768,Wegman Bluetooth FM Transmitter - Carkit - Autolader USB C - Snellader - Handsfree Bellen - Autoradio - Auto Accessoires,Wegman,"4,5",196,https://www.bol.com/nl/nl/p/wegman-bluetooth-fm-transmitter-carkit-autolader-usb-c-snellader-handsfree-bellen-autoradio-auto-accessoires/9300000033563768/?bltgh=nZo3CEx2LcIwzTbN32lPXg.3_19.40.ProductTitle,"22,89",Audio & Hifi
9300000133853433,UPLY DVD Speler met HDMI - Full HD - Regiovrij - Inclusief HDMI en Afstandsbediening - DVD en CD Speler - USB,UPLY,"4,4",38,https://www.bol.com/nl/nl/p/uply-dvd-speler-met-hdmi-full-hd-regiovrij-inclusief-hdmi-en-afstandsbediening-dvd-en-cd-speler-usb/9300000133853433/?bltgh=nZo3CEx2LcIwzTbN32lPXg.3_19.41.ProductTitle,"37,99",Audio & Hifi
9300000072595817,Shokz OpenRun - Bone Conduction - Sporthoofdtelefoon - Zwart,Shokz,"4,7",179,https://www.bol.com/nl/nl/p/shokz-openrun-bone-conduction-sporthoofdtelefoon-zwart/9300000072595817/?bltgh=nZo3CEx2LcIwzTbN32lPXg.3_19.42.ProductTitle,"125,00",Audio & Hifi
9200000041848364,Denver Wekkerradio met Projectie - Digitale wekker - FM Radio - Dubbel Alarm - CRP618,Denver,"4,3",393,https://www.bol.com/nl/nl/p/denver-wekkerradio-met-projectie-digitale-wekker-fm-radio-dubbel-alarm-crp618/9200000041848364/?bltgh=nZo3CEx2LcIwzTbN32lPXg.3_19.43.ProductTitle,"29,80",Audio & Hifi
9300000153133691,Golden Sound draadloze oordopjes - Bluetooth - Earpods - Draadloze oortjes - Geschikt voor IOS & Android - Zwart,Golden Sound,"4,5",945,https://www.bol.com/nl/nl/p/golden-sound-draadloze-oordopjes-classic-zwart/9300000153133691/?bltgh=nZo3CEx2LcIwzTbN32lPXg.3_19.44.ProductTitle,"36,99",Audio & Hifi
9300000144498683,"iPhone Oortjes met Lightning Aansluiting - Geschikt voor iPhone, iPad en iPod",Phreeze,"3,4",12,https://www.bol.com/nl/nl/p/iphone-oortjes-met-lightning-aansluiting-geschikt-voor-iphone-ipad-en-ipod/9300000144498683/?bltgh=nZo3CEx2LcIwzTbN32lPXg.3_19.45.ProductTitle,"14,95",Audio & Hifi
9200000124330440,Wegman Bluetooth FM Transmitter - Autolader - Carkit - Bluetooth Auto,Wegman,"4,4",334,https://www.bol.com/nl/nl/p/wegman-bluetooth-fm-transmitter-autolader-carkit-bluetooth-auto/9200000124330440/?bltgh=nZo3CEx2LcIwzTbN32lPXg.3_19.46.ProductTitle,"18,50",Audio & Hifi
9200000051089083,Ices ICR-210 - Wekkerradio - Zwart,Ices Electronics,"4,3",360,https://www.bol.com/nl/nl/p/ices-icr-210-wekkerradio-zwart/9200000051089083/?bltgh=nZo3CEx2LcIwzTbN32lPXg.3_19.47.ProductTitle,"19,99",Audio & Hifi
9200000119402629,Sonos One SL - Zwart,Sonos,"4,7",765,https://www.bol.com/nl/nl/p/sonos-one-sl-zwart/9200000119402629/?bltgh=nZo3CEx2LcIwzTbN32lPXg.3_19.52.ProductTitle,"175,00",Audio & Hifi
9300000157436150,DirectGoods Draadloze Oordopjes – Bluetooth Oordopjes – Oortjes draadloos – Oordopjes draadloos - Earpods - Noise cancelling - Universeel – Wit,DirectGoods,"4,8",52,https://www.bol.com/nl/nl/p/directgoods-go-draadloze-oordopjes-earpods-wit/9300000157436150/?bltgh=kPsCq0aOFt1wxXB7A-hBzg.3_19.20.ProductTitle,"39,95",Audio & Hifi
9300000074010885,RYER DVD Speler met HDMI - Full HD - Regiovrij - USB - Met HDMI kabel,RYER,"4,7",289,https://www.bol.com/nl/nl/p/ryer-dvd-speler-met-hdmi-full-hd-regiovrij-usb-met-hdmi-kabel/9300000074010885/?bltgh=kPsCq0aOFt1wxXB7A-hBzg.3_19.21.ProductTitle,"44,99",Audio & Hifi
9300000009699429,JBL Clip 4 - Draagbare Bluetooth Mini Speaker - Zwart,JBL,"4,8",115,https://www.bol.com/nl/nl/p/jbl-clip-4-draagbare-bluetooth-mini-speaker-zwart/9300000009699429/?bltgh=kPsCq0aOFt1wxXB7A-hBzg.3_19.22.ProductTitle,"56,95",Audio & Hifi
9300000122846202,"In Ear Bedrade Oordopjes - Oortjes met Draad en Microfoon - Extra Bass - 3 Maten Oordopjes - 3,5mm Jack Audio Aansluiting - 120CM kabel - Zwart",CoverMore,"3,8",27,https://www.bol.com/nl/nl/p/in-ear-bedrade-oordopjes-oortjes-met-draad-en-microfoon-extra-bass-3-maten-oordopjes-3-5mm-jack-audio-aansluiting-120cm-kabel-zwart/9300000122846202/?bltgh=kPsCq0aOFt1wxXB7A-hBzg.3_19.28.ProductTitle,"14,41",Audio & Hifi
9200000108698703,QCY T2C (2e gen) - Volledig draadloze oordopjes - Zwart,QCY,"4,2",560,https://www.bol.com/nl/nl/p/qcy-t2c-volledig-draadloze-oordopjes-zwart/9200000108698703/?bltgh=kPsCq0aOFt1wxXB7A-hBzg.3_19.29.ProductTitle,"23,95",Audio & Hifi
9200000079412069,Philips HF3521/01 - Wake-up light - Wit,Philips,"4,5",174,https://www.bol.com/nl/nl/p/philips-hf3521-01-wake-up-light-wit/9200000079412069/?bltgh=kPsCq0aOFt1wxXB7A-hBzg.3_19.30.ProductTitle,"147,00",Audio & Hifi
9200000064299124,JBL T210 - In-Ear Oordopjes - Zwart,JBL,"4,1",820,https://www.bol.com/nl/nl/p/jbl-t210-in-ear-oordopjes-zwart/9200000064299124/?bltgh=kPsCq0aOFt1wxXB7A-hBzg.3_19.31.ProductTitle,"19,99",Audio & Hifi
9200000095699667,Philips Somneo HF3671/01 - Wake-Up Light Connected,Philips,"4,3",102,https://www.bol.com/nl/nl/p/philips-somneo-hf3671-01-wake-up-light-connected/9200000095699667/?bltgh=kPsCq0aOFt1wxXB7A-hBzg.3_19.32.ProductTitle,"179,99",Audio & Hifi
9300000078294038,iMoshion Draadloze Oordopjes TWS-i2 Bluetooth Earbuds - Bluetooth Oordopjes - Draadloze Oortjes - Geschikt Voor Apple En Android - Wit,iMoshion,"4,2",67,https://www.bol.com/nl/nl/p/imoshion-draadloze-oordopjes-tws-i2-bluetooth-earbuds-bluetooth-oordopjes-draadloze-oortjes-geschikt-voor-apple-en-android-wit/9300000078294038/?bltgh=kPsCq0aOFt1wxXB7A-hBzg.3_19.35.ProductTitle,"19,99",Audio & Hifi
9300000004630486,Rolfstone Riva - Draadloze oordopjes met oplaadcase - Touch bediening - USB-C - Bluetooth oortjes - Qi Draadloos opladen - 8u op 1 lading,Rolfstone,"4,2",332,https://www.bol.com/nl/nl/p/rolfstone-riva-draadloze-oordopjes-met-oplaadcase-touch-bediening-usb-c-bluetooth-oortjes-qi-draadloos-opladen-8u-op-1-lading/9300000004630486/?bltgh=kPsCq0aOFt1wxXB7A-hBzg.3_19.36.ProductTitle,"49,00",Audio & Hifi
9300000061737425,Set Oorkussens voor Bose Koptelefoon met installatie gereedschap - Zwart - QuietComfort 35 - QC35II - QC35 - QC25 - QC15 - QC2 - Soundtrue - Soundlink Around-Ear II AE2,Dieux®,"4,7",67,https://www.bol.com/nl/nl/p/set-oorkussens-voor-bose-koptelefoon-met-installatie-gereedschap-zwart-quietcomfort-35-qc35ii-qc35-qc25-qc15-qc2-soundtrue-soundlink-around-ear-ii-ae2-vaderdag-cadeautje/9300000061737425/?bltgh=kPsCq0aOFt1wxXB7A-hBzg.3_19.37.ProductTitle,"12,71",Audio & Hifi
9300000074353778,Rolfstone Luna - Active Noise Cancelling Oordopjes - Ambient Mode - Draadloze ANC oortjes met Foam Eartips - Handsfree bellen - Compact design,Rolfstone,"4,4",78,https://www.bol.com/nl/nl/p/rolfstone-luna-active-noise-cancelling-oordopjes-ambient-mode-draadloze-anc-oortjes-met-foam-eartips-handsfree-bellen-compact-design/9300000074353778/?bltgh=kPsCq0aOFt1wxXB7A-hBzg.3_19.40.ProductTitle,"99,00",Audio & Hifi
9300000157437294,DirectGoods Draadloze Oordopjes – Bluetooth Oordopjes – Oortjes draadloos – Oordopjes draadloos - Earpods - Noise cancelling - Universeel - Zwart,DirectGoods,"4,8",52,https://www.bol.com/nl/nl/p/directgoods-go-draadloze-oordopjes-earpods-zwart/9300000157437294/?bltgh=kPsCq0aOFt1wxXB7A-hBzg.3_19.41.ProductTitle,"119,95",Audio & Hifi
9300000006769381,Samsung Galaxy Buds Live - Draadloze oordopjes - Noise Cancelling - Brons,Samsung,"4,1",222,https://www.bol.com/nl/nl/p/samsung-galaxy-buds-live-draadloze-oordopjes-noise-cancelling-brons/9300000006769381/?bltgh=kPsCq0aOFt1wxXB7A-hBzg.3_19.42.ProductTitle,"79,00",Audio & Hifi
9300000065102305,Caliber Draagbare Radio - DAB en FM Radio - Oplaadbare radio werkt 8 Uur op batterij - USB - LCD-scherm - Wekkerfunctie - 10 Presets (HPG318/319DAB),Caliber,"3,5",71,https://www.bol.com/nl/nl/p/caliber-draagbare-radio-dab-fm-accu-tot-8-uur-usb-lcd-scherm-10-presets/9300000065102305/?bltgh=kPsCq0aOFt1wxXB7A-hBzg.3_19.43.ProductTitle,"29,00",Audio & Hifi
9300000026369557,Denver DAB Radio CD Speler - Bluetooth - Stereo Set 90W - DAB+ / FM - AUX /USB - MDA260 - Hout - Zwart,Denver,"4,2",25,https://www.bol.com/nl/nl/p/denver-dab-radio-cd-speler-bluetooth-stereo-set-90w-dab-fm-aux-usb-mda260-hout-zwart/9300000026369557/?bltgh=kPsCq0aOFt1wxXB7A-hBzg.3_19.44.ProductTitle,"68,85",Audio & Hifi
9300000140770431,Sony WH-CH520 - Draadloze on-ear koptelefoon - Beige,Sony,"4,3",7,https://www.bol.com/nl/nl/p/sony-wh-ch520-draadloze-on-ear-koptelefoon-beige/9300000140770431/?bltgh=kPsCq0aOFt1wxXB7A-hBzg.3_19.45.ProductTitle,"44,95",Audio & Hifi
9300000100820003,JLAB GO Air Sport bluetooth oordopjes - Draadloze Oordopjes – Oortjes draadloos - Bluetooth Sport Oortjes - Sport oordopjes - 32 uur speeltijd - IP55 Waterbestendig - Aanpasbare EQ3 instellingen - Teal,JLab,"4,1",169,https://www.bol.com/nl/nl/p/jlab-go-air-sport-volledig-draadloze-oordopjes-draadloze-oordopjes-bluetooth-oordopjes-bluetooth-sport-oortjes-sport-oordopjes-32-uur-speeltijd-ip55-waterbestendig-aanpasbare-eq3-instellingen-teal/9300000100820003/?bltgh=kPsCq0aOFt1wxXB7A-hBzg.3_19.46.ProductTitle,"32,99",Audio & Hifi
9200000055183763,Samsung Headset Stereo EHS61ASFWE Wit,Samsung,"4,2",17,https://www.bol.com/nl/nl/p/samsung-headset-stereo-ehs61asfwe-wit/9200000055183763/?bltgh=kPsCq0aOFt1wxXB7A-hBzg.3_19.47.ProductTitle,"4,44",Audio & Hifi
9300000103267778,JBL Bar 2.0 - Soundbar geschikt voor TV - All-in-one (MK2) - Zwart,JBL,"4,7",12,https://www.bol.com/nl/nl/p/jbl-bar-2-0-soundbar-all-in-one-zwart/9300000103267778/?bltgh=kPsCq0aOFt1wxXB7A-hBzg.3_19.48.ProductTitle,"161,00",Audio & Hifi
9000000012513630,JVC HA-KD5 - On-ear kids koptelefoon - Roze/Paars,JVC,"4,4",246,https://www.bol.com/nl/nl/p/jvc-ha-kd5-on-ear-kids-koptelefoon-roze-paars/9000000012513630/?bltgh=kPsCq0aOFt1wxXB7A-hBzg.3_19.49.ProductTitle,"14,99",Audio & Hifi
9300000113724903,Bose Koptelefoon Quietcomfort 35 / 35 II Oorkussen Set - Oorkussen Reparatieset met setje Earpads,Phreeze,"4,3",6,https://www.bol.com/nl/nl/p/bose-koptelefoon-quietcomfort-35-35-ii-oorkussen-set-oorkussen-reparatieset-met-setje-earpads/9300000113724903/?bltgh=kPsCq0aOFt1wxXB7A-hBzg.3_19.50.ProductTitle,"11,01",Audio & Hifi
9300000072595816,Shokz OpenRun Pro - Bone Conduction - Sporthoofdtelefoon - Zwart,Shokz,"4,7",179,https://www.bol.com/nl/nl/p/shokz-openrun-pro-bone-conduction-sporthoofdtelefoon-zwart/9300000072595816/?bltgh=kPsCq0aOFt1wxXB7A-hBzg.3_19.51.ProductTitle,"169,00",Audio & Hifi
9200000081349456,Muziekstandaard Met Tas - Opvouwbaar - Opklapbare Bladmuziek Lessenaar Houder Statief - Muziek Staander Hoog - Zwart,Merkloos,"3,5",61,https://www.bol.com/nl/nl/p/muziekstandaard-met-tas-opvouwbaar-opklapbare-bladmuziek-lessenaar-houder-statief-muziek-staander-hoog-zwart/9200000081349456/?bltgh=kPsCq0aOFt1wxXB7A-hBzg.3_19.52.ProductTitle,"14,90",Audio & Hifi
9300000070398285,Volledig Draadloze Oordopjes met Noise Cancelling - In-Ear Oortjes Draadloos voor Telefoon / Tablet / Laptop / Smartphone / GSM,TechNow,"3,5",16,https://www.bol.com/nl/nl/p/volledig-draadloze-oordopjes-met-noise-cancelling-in-ear-oortjes-draadloos-voor-telefoon-tablet-laptop-smartphone-gsm/9300000070398285/?bltgh=t3cD6d8ykv2xAvQ-QEpMJg.3_19.20.ProductTitle,"34,95",Audio & Hifi
9300000021375550,Lenco CR-205PK - Wekkerradio met Slaaptimer - Alarmfunctie - Stickerset - Roze,Lenco,"5,0",4,https://www.bol.com/nl/nl/p/lenco-cr-205pk-wekkerradio-met-slaaptimer-alarmfunctie-stickerset-roze/9300000021375550/?bltgh=t3cD6d8ykv2xAvQ-QEpMJg.3_19.21.ProductTitle,"21,95",Audio & Hifi
9300000071293311,"Lederen Hoofdband Voor Bose Koptelefoon QuietComfort 35 Zwart, QC45/QC35II/QC35/QC25/QC2/QC15/Soundtrue/Soundlink Around-Ear II AE2 headphones, Vervangende band Voor Hoofdtelefoon",HR Accessories,,,https://www.bol.com/nl/nl/p/lederen-hoofdband-voor-bose-koptelefoon-quietcomfort-35-zwart-qc45-qc35ii-qc35-qc25-qc2-qc15-soundtrue-soundlink-around-ear-ii-ae2-headphones-vervangende-band-voor-hoofdtelefoon/9300000071293311/?bltgh=t3cD6d8ykv2xAvQ-QEpMJg.3_19.23.ProductTitle,"16,95",Audio & Hifi
9200000127148368,Casio CT-S100 - excl. adapter- Beginners keyboard - Piano - 61 toetsen - ingebouwde ritmes - gratis app Chordana Play,Casio,"5,0",1,https://www.bol.com/nl/nl/p/casio-ct-s100-excl-adapter-beginners-keyboard-piano-61-toetsen-ingebouwde-ritmes-gratis-app-chordana-play/9200000127148368/?bltgh=t3cD6d8ykv2xAvQ-QEpMJg.3_19.24.ProductTitle,"105,00",Audio & Hifi
9200000129262096,Ernie Ball 2220 Power Slinky Snaren Elektrisch,Ernie Ball,,,https://www.bol.com/nl/nl/p/ernie-ball-2220-power-slinky-snaren-elektrisch/9200000129262096/?bltgh=t3cD6d8ykv2xAvQ-QEpMJg.3_19.25.ProductTitle,"7,65",Audio & Hifi
9300000096459963,"Auna Oakland retro stereo installatie - Inclusief 2 speakers - Met bluetooth, platenspeler, cd-speler, FM-radio, DAB+, cassette, USB, SD en Aux - Zwart",Auna,,,https://www.bol.com/nl/nl/p/auna-oakland-retro-stereo-installatie-inclusief-2-speakers-met-bluetooth-platenspeler-cd-speler-fm-radio-dab-cassette-usb-sd-en-aux-zwart/9300000096459963/?bltgh=t3cD6d8ykv2xAvQ-QEpMJg.3_19.26.ProductTitle,"121,99",Audio & Hifi
9300000024127437,OneOdio Studio Dj Headphone Pro 10 - Over-ear Koptelefoon - Hoofdtelefoon - DJ set - Kop Telefoon - Professionele Koptelefoon - Muziek Studio - DJ Set Mengpaneel - DJ Headphones (Rood),OneOdio,"4,7",39,https://www.bol.com/nl/nl/p/oneodio-studio-dj-headphone-pro-10-over-ear-koptelefoon-hoofdtelefoon-dj-set-kop-telefoon-professionele-koptelefoon-muziek-studio-dj-set-mengpaneel-dj-headphones/9300000024127437/?bltgh=t3cD6d8ykv2xAvQ-QEpMJg.3_19.28.ProductTitle,"34,90",Audio & Hifi
9300000027802176,Lenco SCD-620PK - Draagbare radio/ CD player met microfoon - Roze,Lenco,"5,0",1,https://www.bol.com/nl/nl/p/lenco-scd-620pk-draagbare-radio-cd-player-met-microfoon-roze/9300000027802176/?bltgh=t3cD6d8ykv2xAvQ-QEpMJg.3_19.29.ProductTitle,"46,09",Audio & Hifi
9300000064706427,EPIN | Oortjes Opberg Hoesje | Case | Etui | Organizer | Voor Het Opbergen Van Oordopjes En Laadkabels | Opbergen Van Sleutels | USB | ROOD,Merkloos,"4,0",2,https://www.bol.com/nl/nl/p/epin-oortjes-opberg-hoesje-case-etui-organizer-voor-het-opbergen-van-oordopjes-en-laadkabels-opbergen-van-sleutels-usb-rood/9300000064706427/?bltgh=t3cD6d8ykv2xAvQ-QEpMJg.3_19.31.ProductTitle,"3,35",Audio & Hifi
9200000095489005,MMOBIEL 10 Paar Siliconen Oordoppen / Oordopjes Set (ZWART) in Verschillende Maten,MMOBIEL,"4,4",31,https://www.bol.com/nl/nl/p/mmobiel-10-paar-siliconen-oordoppen-oordopjes-set-in-verschillende-maten/9200000095489005/?bltgh=t3cD6d8ykv2xAvQ-QEpMJg.3_19.38.ProductTitle,"7,99",Audio & Hifi
9300000052345946,MR007GZ | Bouwradio | FM DAB/DAB+ Bluetooth | Zonder accu's en lader | in doos,Makita,"5,0",3,https://www.bol.com/nl/nl/p/mr007gz-bouwradio-fm-dab-dab-bluetooth-zonder-accu-s-en-lader-in-doos/9300000052345946/?bltgh=t3cD6d8ykv2xAvQ-QEpMJg.3_19.39.ProductTitle,"228,39",Audio & Hifi
9300000119894145,YourPartyEquipment - Disco lichteffect - Party Laser - Disco lamp - Disco Licht - Mini Disco Laser Met Stroboscoop - Lasers en Stroboscoop - Afstand bestuurbaar en Geluid gestuurd,Merkloos,"5,0",4,https://www.bol.com/nl/nl/p/yourpartyequipment-disco-lichteffect-party-laser-disco-lamp-disco-licht-mini-disco-laser-met-stroboscoop-lasers-en-stroboscoop-afstand-bestuurbaar-en-geluid-gestuurd/9300000119894145/?bltgh=t3cD6d8ykv2xAvQ-QEpMJg.3_19.40.ProductTitle,"54,95",Audio & Hifi
9200000103891350,Denver Retro Wekkerradio - FM Radio - Retro Flip van Cijfers - CR425 - Oranje,Denver,"3,1",10,https://www.bol.com/nl/nl/p/denver-retro-wekkerradio-fm-radio-retro-flip-van-cijfers-cr425-oranje/9200000103891350/?bltgh=t3cD6d8ykv2xAvQ-QEpMJg.3_19.41.ProductTitle,"38,00",Audio & Hifi
9300000098377197,Oorkussens Met Hoofdband Set Geschikt Voor Logitech G633/G933/G935 (Artemis Spectrum) 7.1 Surround Gaming Headset - Vervangende Koptelefoon Earpads - Oorkussens Met Noise Cancelling - Zacht Memory Foam - Stof - Zwart,Somstyle,"5,0",5,https://www.bol.com/nl/nl/p/oorkussens-met-hoofdband-set-geschikt-voor-logitech-g633-g933-g935-7-1-surround-gaming-headset-vervangende-koptelefoon-earpads-oorkussens-met-noise-cancelling-zacht-memory-foam-stof-zwart/9300000098377197/?bltgh=t3cD6d8ykv2xAvQ-QEpMJg.3_19.42.ProductTitle,"18,95",Audio & Hifi
9300000070519798,Hoofdtelefoon met microfoon Razer Kraken V3 Pro,Razer,,,https://www.bol.com/nl/nl/p/hoofdtelefoon-met-microfoon-razer/9300000070519798/?bltgh=t3cD6d8ykv2xAvQ-QEpMJg.3_19.43.ProductTitle,"180,00",Audio & Hifi
9200000117337052,LG GP57ES40 externe DVD brander zilver,LG,"3,9",18,https://www.bol.com/nl/nl/p/lg-gp57es40-externe-dvd-brander-zilver/9200000117337052/?bltgh=t3cD6d8ykv2xAvQ-QEpMJg.3_19.44.ProductTitle,"29,99",Audio & Hifi
9200000094312622,PowerLocus P2 - Draadloze Over-Ear Koptelefoon Inklapbaar - Bluetooth Hoofdtelefoon - Met microfoon – Headphone - Micro SD mode – Incl. Carry Case - Rose Gold,PowerLocus,"4,4",224,https://www.bol.com/nl/nl/p/powerlocus-p2-draadloze-over-ear-koptelefoon-bluetooth-5-0-deep-bass-20-uur-speeltijd-opbergtas/9200000094312622/?bltgh=t3cD6d8ykv2xAvQ-QEpMJg.3_19.45.ProductTitle,"30,99",Audio & Hifi
9200000094085995,3 setjes Snaren voor de elektrische gitaar EXL120 - Round wound nikkel - set .009 tot .042,Áengus,"3,0",2,https://www.bol.com/nl/nl/p/3-setjes-snaren-voor-de-elektrische-gitaar-exl120-round-wound-nikkel-set-009-tot-042/9200000094085995/?bltgh=t3cD6d8ykv2xAvQ-QEpMJg.3_19.46.ProductTitle,"12,95",Audio & Hifi
9200000085969491,Sennheiser HD 660 S - Koptelefoon - Zwart,Sennheiser,"4,5",15,https://www.bol.com/nl/nl/p/sennheiser-hd-660-s-koptelefoon-zwart/9200000085969491/?bltgh=t3cD6d8ykv2xAvQ-QEpMJg.3_19.47.ProductTitle,"358,00",Audio & Hifi
9300000157780585,JBL BassPro Lite - Subwoofer Auto - Actieve Underseat Autosubwoofer - 200 W,JBL,,,https://www.bol.com/nl/nl/p/jbl-basspro-lite-subwoofer-auto-actieve-underseat-autosubwoofer-200-w/9300000157780585/?bltgh=t3cD6d8ykv2xAvQ-QEpMJg.3_19.48.ProductTitle,"249,50",Audio & Hifi
9300000012373817,Áengus Keyboard Soft-Bag - draagtas/rugtas voor keyboards met 61 toetsen,Áengus,"4,7",12,https://www.bol.com/nl/nl/p/aengus-keyboard-soft-bag-draagtas-rugtas-voor-keyboards-met-61-toetsen/9300000012373817/?bltgh=t3cD6d8ykv2xAvQ-QEpMJg.3_19.49.ProductTitle,"29,95",Audio & Hifi
9300000143649771,Bluetooth Oordopjes - Draadloos - Alternatief - Apple - EarBuds - iPhone - iPad - Lange Batterijduur - Comfortabel Draagcomfort - Stereogeluid - In-Ear - Oortjes - Zweetbestendig,CoverMore,,,https://www.bol.com/nl/nl/p/bluetooth-oordopjes-draadloos-alternatief-apple-earbuds-iphone-ipad-lange-batterijduur-comfortabel-draagcomfort-stereogeluid-in-ear-oortjes-zweetbestendig/9300000143649771/?bltgh=t3cD6d8ykv2xAvQ-QEpMJg.3_19.50.ProductTitle,"26,95",Audio & Hifi
9300000024951311,Lenco ODR-150GY - DAB radio met Bluetooth® en AUX-ingang - Grijs,Lenco,"5,0",5,https://www.bol.com/nl/nl/p/lenco-odr-150gy-dab-radio-met-bluetooth-en-aux-ingang-grijs/9300000024951311/?bltgh=t3cD6d8ykv2xAvQ-QEpMJg.3_19.51.ProductTitle,"99,00",Audio & Hifi
9300000025887612,Shieldcase Case geschikt voor Airpods Pro / 2 Pro silicone case - donkerblauw,ShieldCase®,"3,0",2,https://www.bol.com/nl/nl/p/shieldcase-case-geschikt-voor-airpods-pro-2-pro-silicone-case-donkerblauw/9300000025887612/?bltgh=t3cD6d8ykv2xAvQ-QEpMJg.3_19.52.ProductTitle,"8,95",Audio & Hifi
9200000095664548,Lenco SCD-24 - Draagbare radio CD speler met AUX-uitgang - Zwart/zilver,Lenco,"4,5",151,https://www.bol.com/nl/nl/p/lenco-scd-24-draagbare-radio-cd-speler-met-aux-uitgang-zwart-zilver/9200000095664548/?bltgh=lIvJubrlFtJNWrcVfLFMQQ.3_19.20.ProductTitle,"41,59",Audio & Hifi
9300000015241004,"Achaté Autoradio met Bluetooth voor alle auto's – FM Radio, AUX, USB en SD – Handsfree Bellen",Achaté,"4,2",185,https://www.bol.com/nl/nl/p/achate-autoradio-met-bluetooth-voor-alle-auto-s-fm-radio-aux-usb-en-sd-handsfree-bellen/9300000015241004/?bltgh=lIvJubrlFtJNWrcVfLFMQQ.3_19.21.ProductTitle,"24,95",Audio & Hifi
9300000000208512,Salora SBO680 - Soundbar - Box - Speaker - Zwart,Salora,"4,6",149,https://www.bol.com/nl/nl/p/salora-sbo680-soundbar-zwart/9300000000208512/?bltgh=lIvJubrlFtJNWrcVfLFMQQ.3_19.22.ProductTitle,"58,00",Audio & Hifi
9300000134728619,Strex DVD Speler Met HDMI - Full HD 1080P - Afstandsbediening - USB - HDMI/RCA - Regio Vrij - Zwart,Strex,"4,4",34,https://www.bol.com/nl/nl/p/strex-dvd-speler-met-hdmi-full-hd-1080p-afstandsbediening-usb-hdmi-rca-regio-vrij-zwart/9300000134728619/?bltgh=lIvJubrlFtJNWrcVfLFMQQ.3_19.23.ProductTitle,"39,95",Audio & Hifi
9300000074422368,Airpod schoonmaak set- 3 in 1 cleaning set-oordopjes- multifunctionele cleaning pen - cleaning kit bluetooth earpods-,Merkloos,"4,0",15,https://www.bol.com/nl/nl/p/airpod-schoonmaak-set-3-in-1-cleaning-set-oordopjes-multifunctionele-cleaning-pen-cleaning-kit-bluetooth-earpods/9300000074422368/?bltgh=lIvJubrlFtJNWrcVfLFMQQ.3_19.24.ProductTitle,"2,49",Audio & Hifi
9300000127941110,Hoes Voor AirPods Pro 2 Hoesje Siliconen Case - Hoesje Voor AirPods Pro 2 Case - Zwart,BTH,"4,1",63,https://www.bol.com/nl/nl/p/hoes-geschikt-voor-airpods-pro-2-hoesje-siliconen-case-hoesje-geschikt-voor-airpods-pro-2-case-zwart/9300000127941110/?bltgh=lIvJubrlFtJNWrcVfLFMQQ.3_19.25.ProductTitle,"6,95",Audio & Hifi
9300000046886429,Samsung In-Ear Stereo Headset aux - Zwart,Samsung,"3,5",6,https://www.bol.com/nl/nl/p/samsung-in-ear-stereo-headset-aux-zwart/9300000046886429/?bltgh=lIvJubrlFtJNWrcVfLFMQQ.3_19.32.ProductTitle,"10,99",Audio & Hifi
9300000032989951,Keyboard piano - MAX KB5 keyboard muziekinstrument met 61 lichtgevende toetsen voor training,MAX,"4,8",27,https://www.bol.com/nl/nl/p/keyboard-piano-max-kb5-keyboard-muziekinstrument-met-61-lichtgevende-toetsen-voor-training/9300000032989951/?bltgh=lIvJubrlFtJNWrcVfLFMQQ.3_19.33.ProductTitle,"99,95",Audio & Hifi
9200000107883371,Karaoke Microfoon - Draadloos - Bluetooth Verbinding - Goud - Voor de gezelligste feestjes,Merkloos,"2,6",131,https://www.bol.com/nl/nl/p/karaoke-microfoon-draadloos-bluetooth-verbinding-goud-voor-de-gezelligste-feestjes/9200000107883371/?bltgh=lIvJubrlFtJNWrcVfLFMQQ.3_19.34.ProductTitle,"12,50",Audio & Hifi
9300000033525812,Pioneer MVH-330DAB - Inclusief antenne - Zwart,Pioneer,"4,3",32,https://www.bol.com/nl/nl/p/pioneer-mvh-330dab-inclusief-antenne-zwart/9300000033525812/?bltgh=lIvJubrlFtJNWrcVfLFMQQ.3_19.37.ProductTitle,"108,95",Audio & Hifi
9300000146547881,Nuvance - Draadloze Microfoon - Dasspeld Microfoon - Usb C & Iphone - Lavelier Microfoon - Plug & Play,Nuvance,"4,5",11,https://www.bol.com/nl/nl/p/nuvance-draadloze-microfoon-dasspeld-microfoon-usb-c-iphone-lavelier-microfoon-plug-play/9300000146547881/?bltgh=lIvJubrlFtJNWrcVfLFMQQ.3_19.38.ProductTitle,"16,95",Audio & Hifi
9300000009699311,JBL PartyBox Microfoon - Bedrade Microfoon,JBL,"5,0",4,https://www.bol.com/nl/nl/p/jbl-partybox-microfoon-bedrade-microfoon/9300000009699311/?bltgh=lIvJubrlFtJNWrcVfLFMQQ.3_19.39.ProductTitle,"39,99",Audio & Hifi
9200000119417940,"Áengus AT-01A stemapparaat voor Gitaar, Basgitaar, Viool, Ukelele en Chromatisch stemmen - Clip-on tuner",Áengus,"4,0",50,https://www.bol.com/nl/nl/p/aengus-at-01a-stemapparaat-voor-gitaar-basgitaar-viool-ukelele-en-chromatisch-stemmen-clip-on-tuner/9200000119417940/?bltgh=lIvJubrlFtJNWrcVfLFMQQ.3_19.40.ProductTitle,"7,95",Audio & Hifi
9200000129157163,JBL Tuner XL - Draagbare DAB Radio Speaker met Bluetooth - Zwart,JBL,"4,5",71,https://www.bol.com/nl/nl/p/jbl-tuner-xl-draagbare-dab-radio-speaker-met-bluetooth-zwart/9200000129157163/?bltgh=lIvJubrlFtJNWrcVfLFMQQ.3_19.41.ProductTitle,"126,89",Audio & Hifi
9300000043400632,Samsung Galaxy Buds 2 - Draadloze oordopjes met Noise Cancelling - Wit,Samsung,"4,1",105,https://www.bol.com/nl/nl/p/samsung-galaxy-buds-2-draadloze-oordopjes-met-noise-cancelling-wit/9300000043400632/?bltgh=lIvJubrlFtJNWrcVfLFMQQ.3_19.42.ProductTitle,"89,99",Audio & Hifi
9300000083402335,Philips TAEP200/20 - DVD-speler - 2021 Model - (2000 series) met CD-ondersteuning - Zwart,Philips,"4,2",86,https://www.bol.com/nl/nl/p/philips-taep200-20-dvd-speler-2021-model-met-cd-ondersteuning-zwart/9300000083402335/?bltgh=lIvJubrlFtJNWrcVfLFMQQ.3_19.43.ProductTitle,"42,99",Audio & Hifi
9300000096916595,Samsung Galaxy Buds Live - Draadloze oordopjes - Noise Cancelling - Onyx,Samsung,"4,1",222,https://www.bol.com/nl/nl/p/samsung-galaxy-buds-live-draadloze-oordopjes-noise-cancelling-onyx/9300000096916595/?bltgh=lIvJubrlFtJNWrcVfLFMQQ.3_19.44.ProductTitle,"72,99",Audio & Hifi
9200000109076142,12 stuk Soft Siliconen Vervanging Oordopje Oorkussen Cover,Merkloos,"4,0",1,https://www.bol.com/nl/nl/p/12-stuk-soft-siliconen-vervanging-oordopje-oorkussen-cover/9200000109076142/?bltgh=lIvJubrlFtJNWrcVfLFMQQ.3_19.45.ProductTitle,"5,49",Audio & Hifi
9300000089270549,Avalue Draadloze Sport Oordopjes - Zweetbestendig Oortjes - Geschikt voor Apple & Android - 18 uur Batterijduur Earpods,Avalue,"3,7",30,https://www.bol.com/nl/nl/p/avalue-draadloze-sport-oordopjes-zweetbestendig-oortjes-geschikt-voor-apple-android/9300000089270549/?bltgh=lIvJubrlFtJNWrcVfLFMQQ.3_19.46.ProductTitle,"29,00",Audio & Hifi
9300000118959059,draadloze oordopjes bluetooth draadlozeoortjes koptelefoon-Docci oordopjes,Docci,"4,6",77,https://www.bol.com/nl/nl/p/draadloze-oordopjes-bluetooth-draadlozeoortjes-koptelefoon-docci-oordopjes/9300000118959059/?bltgh=lIvJubrlFtJNWrcVfLFMQQ.3_19.47.ProductTitle,"23,95",Audio & Hifi
9300000123909378,JBL Wave Flex - Volledig Draadloze Oordopjes - Zwart,JBL,"3,6",10,https://www.bol.com/nl/nl/p/jbl-wave-flex-volledig-draadloze-oordopjes-zwart/9300000123909378/?bltgh=lIvJubrlFtJNWrcVfLFMQQ.3_19.48.ProductTitle,"79,99",Audio & Hifi
9300000148124430,"USB-C Oordopjes met Microfoon en Afstandsbediening - DAC Chip - Premium Hi Fi Geluidskwaltieit - Ruisvrij - Geschikt voor alle Samsung S23, S22, S21 , Apple iPad Pro, MacBook, OnePlus, Huawei, HTC, Google Pixel",CoverMore,"3,4",27,https://www.bol.com/nl/nl/p/usb-c-oordopjes-met-microfoon-en-afstandsbediening-dac-chip-premium-hi-fi-geluidskwaltieit-ruisvrij-geschikt-voor-alle-samsung-s23-s22-s21-apple-ipad-pro-macbook-oneplus-huawei-htc-google-pixel/9300000148124430/?bltgh=lIvJubrlFtJNWrcVfLFMQQ.3_19.49.ProductTitle,"12,71",Audio & Hifi
9300000125293416,JBL Endurance Run 2 - In-ear Draadloze sport oordopjes met Bluetooth - Zwart,JBL,"4,5",8,https://www.bol.com/nl/nl/p/jbl-endurance-run-2-in-ear-draadloze-sport-oordopjes-met-bluetooth-zwart/9300000125293416/?bltgh=lIvJubrlFtJNWrcVfLFMQQ.3_19.50.ProductTitle,"39,99",Audio & Hifi
9300000081316789,Koptelefoon voor Kinderen-Eenhoorn-Unicorn-Hoofdtelefoon Kinderen -Kattenoortjes-Met Led-Kinder Headset-Bluetooth-Microfoon,Mogi Products,"4,5",18,https://www.bol.com/nl/nl/p/koptelefoon-voor-kinderen-eenhoorn-unicorn-hoofdtelefoon-kinderen-kattenoortjes-met-led-kinder-headset-bluetooth-microfoon/9300000081316789/?bltgh=lIvJubrlFtJNWrcVfLFMQQ.3_19.51.ProductTitle,"26,95",Audio & Hifi
9300000037024179,Pioneer SPH-DA160DAB Multimedia Autoradio met o.a. CarPlay (2-DIN),Pioneer,"4,3",20,https://www.bol.com/nl/nl/p/pioneer-sph-da160dab-multimedia-autoradio-met-o-a-carplay/9300000037024179/?bltgh=gXrFp5-v8s5oybhzACBNJA.3_19.20.ProductTitle,"285,00",Audio & Hifi
9300000152581942,Headset Stand - Headset Houder - Koptelefoon standaard - Koptelefoon Houder - Hoofdtelefoon Houder - Headphone stand - Ludic zwart,Ludic,"4,5",4,https://www.bol.com/nl/nl/p/headset-stand-headset-houder-koptelefoon-standaard-koptelefoon-houder-hoofdtelefoon-houder-headphone-stand-ludic-zwart/9300000152581942/?bltgh=gXrFp5-v8s5oybhzACBNJA.3_19.21.ProductTitle,"9,90",Audio & Hifi
9300000129018539,Medion E62474 - Draadloze over-ear koptelefoon - Active Noise cancelling - Wit,MEDION,"5,0",6,https://www.bol.com/nl/nl/p/medion-e62474-draadloze-over-ear-koptelefoon-active-noise-cancelling-wit/9300000129018539/?bltgh=gXrFp5-v8s5oybhzACBNJA.3_19.22.ProductTitle,"59,95",Audio & Hifi
9300000008659623,Lenco CR-605BK - Wekkerradio met DAB - Slaaptimer - Zwart,Lenco,"4,1",40,https://www.bol.com/nl/nl/p/lenco-cr-605bk-wekkerradio-met-dab-slaaptimer-zwart/9300000008659623/?bltgh=gXrFp5-v8s5oybhzACBNJA.3_19.23.ProductTitle,"38,00",Audio & Hifi
9300000072595813,Shokz OpenRun - Bone Conduction - Sporthoofdtelefoon - Blauw,Shokz,"4,7",179,https://www.bol.com/nl/nl/p/shokz-openrun-bone-conduction-sporthoofdtelefoon-blauw/9300000072595813/?bltgh=gXrFp5-v8s5oybhzACBNJA.3_19.24.ProductTitle,"125,00",Audio & Hifi
9300000139616249,Microfoon - Dynamisch - 6.3mm jack - XLR - Koffer inbegrepen - Aan/uit-knop - 5 meter kabel - Allteq,Allteq,"5,0",1,https://www.bol.com/nl/nl/p/microfoon-dynamisch-6-3mm-jack-xlr-koffer-inbegrepen-aan-uit-knop-5-meter-kabel-allteq/9300000139616249/?bltgh=gXrFp5-v8s5oybhzACBNJA.3_19.25.ProductTitle,"15,99",Audio & Hifi
9200000054852552,Sony BDP-S6700 - 3D Blu-ray-speler met 4K upscaling - Wifi - Smart TV - Zwart,Sony,"4,6",157,https://www.bol.com/nl/nl/p/sony-bdp-s6700-3d-blu-ray-speler-met-4k-upscaling-wifi-smart-tv-zwart/9200000054852552/?bltgh=gXrFp5-v8s5oybhzACBNJA.3_19.26.ProductTitle,"127,20",Audio & Hifi
9200000115942111,"Karaoke set met microfoon - Vonyx SBS50P - met Bluetooth, accu & discobal discolicht - Roze",Vonyx,"4,3",76,https://www.bol.com/nl/nl/p/karaoke-set-met-microfoon-vonyx-sbs50p-met-bluetooth-accu-discobal-discolicht-roze/9200000115942111/?bltgh=gXrFp5-v8s5oybhzACBNJA.3_19.27.ProductTitle,"59,00",Audio & Hifi
9200000100266601,Rookmachine - BeamZ S500 rookmachine 500W met ruim 1L rookvloeistof,BeamZ,"4,4",14,https://www.bol.com/nl/nl/p/rookmachine-beamz-s500-rookmachine-500w-met-ruim-1l-rookvloeistof/9200000100266601/?bltgh=gXrFp5-v8s5oybhzACBNJA.3_19.30.ProductTitle,"49,95",Audio & Hifi
9300000156758701,Nuvoo Wekkerradio - Digitale Wekker - Dimbaar Display- Dubbel Alarm - Twee USB-poorten - Temperatuurweergave,Nuvoo,"5,0",6,https://www.bol.com/nl/nl/p/nuvoo-wekkerradio-digitale-wekker-dimbaar-display-dubbel-alarm-twee-usb-poorten-temperatuurweergave/9300000156758701/?bltgh=gXrFp5-v8s5oybhzACBNJA.3_19.31.ProductTitle,"29,99",Audio & Hifi
9200000082873118,Beats Studio3 - Draadloze over-ear koptelefoon - Grijs/Goud,Beats,"4,6",39,https://www.bol.com/nl/nl/p/beats-studio3-draadloze-over-ear-koptelefoon-grijs-goud/9200000082873118/?bltgh=gXrFp5-v8s5oybhzACBNJA.3_19.32.ProductTitle,"280,00",Audio & Hifi
9200000059362750,Caliber Retro 3000 - Draagbare Radio - Retro Radio - Werkt op Batterijen of Netsnoer - Keukenradio - AM en FM radio met Handvat en Koptelefoonaansluiting - Zilver grijs (HPG317R),Caliber,"4,3",78,https://www.bol.com/nl/nl/p/caliber-retro-3000-draagbare-radio-op-batterijen-of-netsnoer-am-fm-radio-met-handvat-en-koptelefoonaansluiting/9200000059362750/?bltgh=gXrFp5-v8s5oybhzACBNJA.3_19.33.ProductTitle,"29,95",Audio & Hifi
9300000105522581,Fairphone True Wireless - In-Ear - Groen,Fairphone,"4,0",2,https://www.bol.com/nl/nl/p/fairphone-true-wireless-in-ear-groen/9300000105522581/?bltgh=gXrFp5-v8s5oybhzACBNJA.3_19.35.ProductTitle,"105,00",Audio & Hifi
9300000123865382,iMoshion FM Transmitter - Bluetooth Transmitter / Receiver voor in de auto - Handsfree bellen - Carkit & Autolader met USB-C - Auto Accessories,iMoshion,"4,7",16,https://www.bol.com/nl/nl/p/imoshion-fm-transmitter-bluetooth-transmitter-receiver-voor-in-de-auto-handsfree-bellen-carkit-autolader-met-usb-c-auto-accessories/9300000123865382/?bltgh=gXrFp5-v8s5oybhzACBNJA.3_19.36.ProductTitle,"27,99",Audio & Hifi
9300000050308865,Bose QuietComfort 45 - Koptelefoon - Draadloos - White Smoke,Bose,"4,3",35,https://www.bol.com/nl/nl/p/bose-quietcomfort-45-koptelefoon-draadloos-white-smoke/9300000050308865/?bltgh=gXrFp5-v8s5oybhzACBNJA.3_19.37.ProductTitle,"222,00",Audio & Hifi
9300000082928585,Sennheiser - MOMENTUM True Wireless 3 - Volledig draadloze oordopjes - Zwart,Sennheiser,"3,9",29,https://www.bol.com/nl/nl/p/sennheiser-momentum-true-wireless-3-volledig-draadloze-oordopjes-zwart/9300000082928585/?bltgh=gXrFp5-v8s5oybhzACBNJA.3_19.38.ProductTitle,"199,00",Audio & Hifi
9300000007753032,WiseQ Unbreakable - Draadloze Hoofdtelefoon Kinderen - Geluidsdempend - Kinderkoptelefoon - 45 uur batterij - Bluetooth 5.0 - Roze,WISEQ,"4,5",44,https://www.bol.com/nl/nl/p/wiseq-unbreakable-draadloze-koptelefoon-voor-kinderen-bluetooth-5-0-roze/9300000007753032/?bltgh=gXrFp5-v8s5oybhzACBNJA.3_19.39.ProductTitle,"34,95",Audio & Hifi
9300000114127733,Samsung Galaxy Buds 2 Pro - Draadloze oordopjes met Noise Cancelling - Purple,Samsung,"4,4",61,https://www.bol.com/nl/nl/p/samsung-galaxy-buds-2-pro-draadloze-oordopjes-met-noise-cancelling-purple/9300000114127733/?bltgh=gXrFp5-v8s5oybhzACBNJA.3_19.40.ProductTitle,"157,00",Audio & Hifi
9300000132510668,Hoesje Geschikt voor Airpods 1/2 Case Zwart Oplaadcase Beschermhoesje Carbon Hard Cover,Podec,"4,2",12,https://www.bol.com/nl/nl/p/hoesje-geschikt-voor-airpods-1-2-case-zwart-oplaadcase-beschermhoesje-carbon-hard-cover/9300000132510668/?bltgh=gXrFp5-v8s5oybhzACBNJA.3_19.41.ProductTitle,"9,95",Audio & Hifi
9005000010918592,Samsung EHS60ENNBECSTD Stereo Headset,Samsung,"4,1",20,https://www.bol.com/nl/nl/p/samsung-ehs60ennbecstd-stereo-headset/9005000010918592/?bltgh=gXrFp5-v8s5oybhzACBNJA.3_19.42.ProductTitle,"4,39",Audio & Hifi
9300000132635896,AirPods cleaner - Airpods reiniger - Oordopjes cleaning pen - Schoonmaakset - Multitool,Merkloos,"5,0",5,https://www.bol.com/nl/nl/p/airpods-cleaner-alle-artikelen-oordopjes-cleaning-pen-schoonmaakset-multitool/9300000132635896/?bltgh=gXrFp5-v8s5oybhzACBNJA.3_19.43.ProductTitle,"3,29",Audio & Hifi
9300000110376556,JBL Tune Flex - True Wireless Earbuds - Blauw,JBL,"4,1",15,https://www.bol.com/nl/nl/p/jbl-tune-flex-true-wireless-earbuds-blauw/9300000110376556/?bltgh=gXrFp5-v8s5oybhzACBNJA.3_19.44.ProductTitle,"81,00",Audio & Hifi
9300000150065951,Synyq Active Draadloze Sport Oordopjes - 75 uur Speeltijd - Ruisonderdrukking - Waterdicht - Bluetooth Oordopjes - Sport Oortjes - Oortjes Draadloos - Geschikt voor Apple en Android - Zwart,Synyq,"4,5",17,https://www.bol.com/nl/nl/p/synyq-active-draadloze-sport-oordopjes-75-uur-speeltijd-ruisonderdrukking-waterdicht-bluetooth-oordopjes-sport-oortjes-oortjes-draadloos-geschikt-voor-apple-en-android-zwart/9300000150065951/?bltgh=gXrFp5-v8s5oybhzACBNJA.3_19.45.ProductTitle,"49,99",Audio & Hifi
9200000104047039,Nedis Megafoon - Maximaal bereik: 1500 m - Volumebediening: Maximaal 135 dB - Afneembare Microfoon - Ingebouwde sirene - Schouder riem - Wit/Blauw,Nedis,"5,0",1,https://www.bol.com/nl/nl/p/nedis-megafoon-maximaal-bereik-1500-m-volumebediening-maximaal-135-db-afneembare-microfoon-ingebouwde-sirene-schouder-riem-wit-blauw/9200000104047039/?bltgh=gXrFp5-v8s5oybhzACBNJA.3_19.46.ProductTitle,"33,79",Audio & Hifi
9300000152093293,Transnect® - Bluetooth Receiver Auto Aux - Bluetooth Ontvanger - Handsfree Bellen - Ingebouwde Microfoon - Geen Batterij Nodig,TRANSNECT,"5,0",2,https://www.bol.com/nl/nl/p/transnect-bluetooth-receiver-auto-aux-bluetooth-ontvanger-handsfree-bellen-ingebouwde-microfoon-geen-batterij-nodig/9300000152093293/?bltgh=hkJUVaKaDQM9vHMFeZpGbA.3_19.20.ProductTitle,"9,89",Audio & Hifi
9000000003310807,Sennheiser HD 600 - Over-ear koptelefoon - Zwart,Sennheiser,"4,7",24,https://www.bol.com/nl/nl/p/sennheiser-hd-600-over-ear-koptelefoon-zwart/9000000003310807/?bltgh=hkJUVaKaDQM9vHMFeZpGbA.3_19.21.ProductTitle,"382,99",Audio & Hifi
9200000126690607,MMOBIEL Oorkussens Earpads geschikt voor: Razer Kraken V2 (ZWART) Koptelefoon,MMOBIEL,"4,4",7,https://www.bol.com/nl/nl/p/mmobiel-oorkussens-earpads-geschikt-voor-razer-kraken-v2-koptelefoon/9200000126690607/?bltgh=hkJUVaKaDQM9vHMFeZpGbA.3_19.22.ProductTitle,"11,99",Audio & Hifi
9200000093690582,OER Muziekspeler voor Ouderen met Dementie (OER Radio) - Simpele Bediening Met 1 Knop - Dementie Hulpmiddel - Dementie Radio - Muziek en Dementie - Stevig - 4GB Geheugen - Rood,OER,"4,7",37,https://www.bol.com/nl/nl/p/oer-muziekspeler-voor-ouderen-met-dementie-simpele-bediening-met-1-knop-dementie-hulpmiddel-dementie-radio-muziek-en-dementie-stevig-4gb-geheugen-rood/9200000093690582/?bltgh=hkJUVaKaDQM9vHMFeZpGbA.3_19.23.ProductTitle,"159,00",Audio & Hifi
9300000000477077,Skullcandy SESH EVO Draadloze in-ear oordopjes - True Black,Skullcandy,"3,9",24,https://www.bol.com/nl/nl/p/skullcandy-sesh-evo-draadloze-in-ear-oordopjes-true-black/9300000000477077/?bltgh=hkJUVaKaDQM9vHMFeZpGbA.3_19.25.ProductTitle,"45,49",Audio & Hifi
9300000061935878,Fresh 'n Rebel Twins 1 - Oordopjes draadloos - True Wireless - In-ear - Dusky Blue,Fresh n Rebel,"3,3",40,https://www.bol.com/nl/nl/p/fresh-n-rebel-twins-1-oordopjes-draadloos-true-wireless-in-ear-dusky-blue/9300000061935878/?bltgh=hkJUVaKaDQM9vHMFeZpGbA.3_19.26.ProductTitle,"38,99",Audio & Hifi
9300000089622270,Sony WI-C100 - Draadloze oordopjes - Taupe,Sony,"4,1",19,https://www.bol.com/nl/nl/p/sony-wi-c100-draadloze-oordopjes-taupe/9300000089622270/?bltgh=hkJUVaKaDQM9vHMFeZpGbA.3_19.27.ProductTitle,"34,95",Audio & Hifi
9300000146547364,Nuvance - USB Microfoon met Standaard - voor PC en Gaming - met Ruisfilter - Streaming Microphone - RGB,Nuvance,"4,5",2,https://www.bol.com/nl/nl/p/nuvance-usb-microfoon-met-standaard-voor-pc-en-gaming-met-ruisfilter-streaming-microphone-rgb/9300000146547364/?bltgh=hkJUVaKaDQM9vHMFeZpGbA.3_19.28.ProductTitle,"49,95",Audio & Hifi
9300000071932536,Philips TAH8506WT - Hoofdtelefoon - Draadloos - Wit,Philips,"4,6",10,https://www.bol.com/nl/nl/p/philips-tah8506wt-hoofdtelefoon-draadloos-wit/9300000071932536/?bltgh=hkJUVaKaDQM9vHMFeZpGbA.3_19.29.ProductTitle,"98,00",Audio & Hifi
9300000021983818,"Muse M-150CDB - Stijlvolle wekkerradio met groot LCD-display, DAB+",Muse Electronics,"3,6",8,https://www.bol.com/nl/nl/p/muse-m-150cdb-stijlvolle-wekkerradio-met-groot-lcd-display-dab/9300000021983818/?bltgh=hkJUVaKaDQM9vHMFeZpGbA.3_19.30.ProductTitle,"44,79",Audio & Hifi
9300000010199856,"GPO KW938BT - Walkman, Bluetooth, retro koptelefoon",GPO,"2,4",5,https://www.bol.com/nl/nl/p/gpo-kw938bt-walkman-bluetooth-retro-koptelefoon/9300000010199856/?bltgh=hkJUVaKaDQM9vHMFeZpGbA.3_19.31.ProductTitle,"62,32",Audio & Hifi
9300000013142253,House of Marley Champion Volledig Draadloze Oordopjes - Bluetooth Oordopjes - 8 uur Speeltijd - Duurzaam gemaakt - Compacte oplaadcase - Bamboe,House of Marley,"3,7",21,https://www.bol.com/nl/nl/p/house-of-marley-champion-volledig-draadloze-oordopjes-bluetooth-oordopjes-8-uur-speeltijd-duurzaam-gemaakt-compacte-oplaadcase-bamboe/9300000013142253/?bltgh=hkJUVaKaDQM9vHMFeZpGbA.3_19.32.ProductTitle,"49,00",Audio & Hifi
9300000132524705,Boscer® Disco Laser | 3 in 1 Multilaser | 4000mA Oplaadbare Accu | Stroboscoop & Parscoop effect |  LED Disco | Party discolaser | Geluid gestuurd | Discolamp | Lichteffect,Boscer,"4,6",15,https://www.bol.com/nl/nl/p/boscer-disco-laser-3-in-1-multilaser-4000ma-oplaadbare-accu-stroboscoop-parscoop-effect-led-disco-party-discolaser-geluid-gestuurd-discolamp-lichteffect/9300000132524705/?bltgh=hkJUVaKaDQM9vHMFeZpGbA.3_19.33.ProductTitle,"39,95",Audio & Hifi
9200000117517044,Bluetooth Versterker Audio 5.1 Kanaals - Fenton AV340BT - 510 Watt - RCA,Fenton,"4,6",7,https://www.bol.com/nl/nl/p/bluetooth-versterker-audio-5-1-kanaals-fenton-av340bt-510-watt-rca/9200000117517044/?bltgh=hkJUVaKaDQM9vHMFeZpGbA.3_19.34.ProductTitle,"149,00",Audio & Hifi
9300000013153489,Karaoke set met 2 Microfoons en LED Effect Licht - Fenton LIVE2104 - Bluetooth Speaker - 400 Watt,Fenton,"5,0",3,https://www.bol.com/nl/nl/p/karaoke-set-met-2-microfoons-en-led-effect-licht-fenton-live2104-bluetooth-speaker-400-watt/9300000013153489/?bltgh=hkJUVaKaDQM9vHMFeZpGbA.3_19.35.ProductTitle,"239,00",Audio & Hifi
9300000109265792,Stereo set met CD speler en radio - Audizio Toulon - Bluetooth en mp3 speler - Losse speakers,Audizio,"4,5",2,https://www.bol.com/nl/nl/p/stereo-set-met-cd-speler-en-radio-audizio-toulon-bluetooth-en-mp3-speler-losse-speakers/9300000109265792/?bltgh=hkJUVaKaDQM9vHMFeZpGbA.3_19.36.ProductTitle,"69,95",Audio & Hifi
9200000030725240,Marmitek Bluetooth Receiver - BoomBoom 80 - NFC - Bluetooth Muziek ontvanger,Marmitek,"4,3",35,https://www.bol.com/nl/nl/p/marmitek-bluetooth-receiver-boomboom-80-nfc-bluetooth-muziek-ontvanger/9200000030725240/?bltgh=hkJUVaKaDQM9vHMFeZpGbA.3_19.37.ProductTitle,"34,95",Audio & Hifi
9300000127676555,Selwo Harde tas voor JBL Flip 6 Flip 5 Bluetooth Box draagbare luidspreker Case draagtas (zwarte hoes/binnenkant rood),Selwo,,,https://www.bol.com/nl/nl/p/selwo-harde-tas-voor-jbl-flip-6-flip-5-bluetooth-box-draagbare-luidspreker-case-draagtas/9300000127676555/?bltgh=hkJUVaKaDQM9vHMFeZpGbA.3_19.38.ProductTitle,"44,99",Audio & Hifi
9300000031936196,"Soundmaster SCD1700SW - Boombox met DAB+/FM-radio, CD/MP3-speler en USB",Soundmaster,"4,5",10,https://www.bol.com/nl/nl/p/soundmaster-scd1700sw-boombox-met-dab-fm-radio-cd-mp3-speler-en-usb/9300000031936196/?bltgh=hkJUVaKaDQM9vHMFeZpGbA.3_19.39.ProductTitle,"67,49",Audio & Hifi
9300000008539527,Silver Star Stereo internet DAB+/FM radio WiFi BT DAB+/FM eiken,Auna,"5,0",1,https://www.bol.com/nl/nl/p/auna-silver-star-stereo-internet-dab-fm-radio-wifi-bluetooth-2-8-hcc-display/9300000008539527/?bltgh=hkJUVaKaDQM9vHMFeZpGbA.3_19.40.ProductTitle,"62,99",Audio & Hifi
9300000144525622,Sonos Era 300 - Wit,Sonos,"5,0",2,https://www.bol.com/nl/nl/p/sonos-era-300-wit/9300000144525622/?bltgh=hkJUVaKaDQM9vHMFeZpGbA.3_19.41.ProductTitle,"459,00",Audio & Hifi
9200000114020582,Gitaar muurbeugel - Wandsteun om gitaar op te hangen - Gitaarhouder - Gitaarhaak - Hout,Áengus,"4,1",28,https://www.bol.com/nl/nl/p/gitaar-muurbeugel-wandsteun-om-gitaar-op-te-hangen-gitaarhouder-gitaarhaak-hout/9200000114020582/?bltgh=hkJUVaKaDQM9vHMFeZpGbA.3_19.42.ProductTitle,"13,95",Audio & Hifi
9300000122846206,"In-Ear Oordopjes Lightning Connector - Voor Apple iPhone SE,7,8,X,11,12,13 en iPad 5/6/7/8/9 en Air 1/2/3 - iPhone Lightning Bedrade Oordopjes - Earpods met Lightning - Alternatief Apple Oortjes - Alternatief Apple Earpods - iPhone Oortjes Apple",CoverMore,"3,2",27,https://www.bol.com/nl/nl/p/in-ear-oordopjes-lightning-connector-voor-apple-iphone-se-7-8-x-11-12-13-en-ipad-5-6-7-8-9-en-air-1-2-3-iphone-lightning-bedrade-oordopjes-earpods-met-lightning-alternatief-apple-oortjes-alternatief-apple-earpods-iphone-oortjes-apple/9300000122846206/?bltgh=hkJUVaKaDQM9vHMFeZpGbA.3_19.43.ProductTitle,"12,71",Audio & Hifi
9200000058900626,Yamaha RS-202DAB Receiver - Zwart,Yamaha,"4,8",19,https://www.bol.com/nl/nl/p/yamaha-rs-202dab-receiver-zwart/9200000058900626/?bltgh=hkJUVaKaDQM9vHMFeZpGbA.3_19.44.ProductTitle,"239,00",Audio & Hifi
9200000133236079,Antenne Adapter / Dubbel-Fakra > DIN (f) Audi/Seat/Skoda/VW,ACV,,,https://www.bol.com/nl/nl/p/antenne-adapter-dubbel-fakra-din-audi-seat-skoda-vw/9200000133236079/?bltgh=oELmGi2OrKtOzuJs9QxG8g.3_19.20.ProductTitle,"21,85",Audio & Hifi
9200000084672770,"Roland A-49 49keys USB Zwart, Wit MIDI toetsenbord",Roland,,,https://www.bol.com/nl/nl/p/roland-a-49-49keys-usb-zwart-wit-midi-toetsenbord/9200000084672770/?bltgh=oELmGi2OrKtOzuJs9QxG8g.3_19.21.ProductTitle,"191,00",Audio & Hifi
9000000012515774,TFA Dostmann 38.2022.01 Timer Zwart Digitaal,TFA-Dostmann,"5,0",1,https://www.bol.com/nl/nl/p/tfa-dostmann-38-2022-01-timer-zwart-digitaal/9000000012515774/?bltgh=oELmGi2OrKtOzuJs9QxG8g.3_19.22.ProductTitle,"11,75",Audio & Hifi
9300000021008031,Lume Cube Panel PRO led-paneel 360 RGB-kleuren,,,,https://www.bol.com/nl/nl/p/lume-cube-panel-pro-led-paneel-360-rgb-kleuren/9300000021008031/?bltgh=oELmGi2OrKtOzuJs9QxG8g.3_19.23.ProductTitle,"149,00",Audio & Hifi
9300000162063362,High-End Streaming SUPERCARDIOÏDE Microphone / Microfoon met Standaard - Gamdias Pheme M1,GAMDIAS,,,https://www.bol.com/nl/nl/p/high-end-streaming-supercardioide-microphone-microfoon-met-standaard-gamdias-pheme-m1/9300000162063362/?bltgh=oELmGi2OrKtOzuJs9QxG8g.3_19.24.ProductTitle,"47,50",Audio & Hifi
9200000098124289,Neutrik - Neutrik - Omkeerbare Usb 3.0-Adapter (Type Usb A En Usb B) - Vernikkelde Behuizing Type D (NAUSB3B),Neutrik,,,https://www.bol.com/nl/nl/p/neutrik-omkeerbare-usb-3-0-adapter-vernikkelde-behuizing-type-d/9200000098124289/?bltgh=oELmGi2OrKtOzuJs9QxG8g.3_19.25.ProductTitle,"16,45",Audio & Hifi
9200000078754053,Onkyo D-175 Stereo Speakers - Zwart,Onkyo,,,https://www.bol.com/nl/nl/p/onkyo-d-175-stereo-speakers-black/9200000078754053/?bltgh=oELmGi2OrKtOzuJs9QxG8g.3_19.26.ProductTitle,"248,00",Audio & Hifi
9200000086211615,Revo SuperCD - Walnoot/Zwart | CD-speler - Dab Radio - Internetradio - USB - Bluetooth AptX,Revo,"5,0",3,https://www.bol.com/nl/nl/p/revo-supercd-walnoot-zwart-cd-speler-dab-radio-internetradio-usb-bluetooth-aptx/9200000086211615/?bltgh=oELmGi2OrKtOzuJs9QxG8g.3_19.27.ProductTitle,"599,00",Audio & Hifi
9300000042360860,Supcase Cosmo hoesje voor Samsung Galaxy Buds Live / Galaxy Buds Pro - Roze,Supcase,"5,0",2,https://www.bol.com/nl/nl/p/supcase-cosmo-hoesje-voor-samsung-galaxy-buds-live-galaxy-buds-pro-roze/9300000042360860/?bltgh=oELmGi2OrKtOzuJs9QxG8g.3_19.29.ProductTitle,"26,00",Audio & Hifi
9200000064149599,"Hama Muurbeugel voor wireless-luidsprekers, universeel, geheel beweegbaar, zwart",Hama,"4,4",86,https://www.bol.com/nl/nl/p/hama-muurbeugel-voor-wireless-luidsprekers-universeel-geheel-beweegbaar-zwart/9200000064149599/?bltgh=oELmGi2OrKtOzuJs9QxG8g.3_19.31.ProductTitle,"23,50",Audio & Hifi
9200000103366881,"GENEVA Touring S+, DAB/DAB+/FM radio, rood",Geneva Hifi-Sound,,,https://www.bol.com/nl/nl/p/geneva-touring-s-dab-dab-fm-radio-rood/9200000103366881/?bltgh=oELmGi2OrKtOzuJs9QxG8g.3_19.32.ProductTitle,"249,00",Audio & Hifi
9300000105324169,Nedis Muis en Toetsenbord - Set - Draadloos - Muis- en toetsenbordverbinding: USB - 800 / 1200 / 1600 dpi - Instelbare DPI - QWERTY - US Internationaal,Nedis,,,https://www.bol.com/nl/nl/p/nedis-muis-en-toetsenbord-set-draadloos-muis-en-toetsenbordverbinding-usb-800-1200-1600-dpi-instelbare-dpi-qwerty-us-internationaal/9300000105324169/?bltgh=oELmGi2OrKtOzuJs9QxG8g.3_19.36.ProductTitle,"27,94",Audio & Hifi
9300000020693509,Flight Concert Ukelele Elise Ecklund + Draagband + Tuner + Capo + Songbook + Kazoo,Flight,"5,0",2,https://www.bol.com/nl/nl/p/flight-concert-ukelele-elise-ecklund-draagband-tuner-capo-songbook-kazoo/9300000020693509/?bltgh=oELmGi2OrKtOzuJs9QxG8g.3_19.37.ProductTitle,"154,90",Audio & Hifi
9200000040916780,BeamZ DMX60 6-kanaals DMX controller,BeamZ,"5,0",1,https://www.bol.com/nl/nl/p/beamz-dmx60-6-kanaals-dmx-controller/9200000040916780/?bltgh=oELmGi2OrKtOzuJs9QxG8g.3_19.38.ProductTitle,"59,90",Audio & Hifi
9200000114029886,Radio - Cd Speler - Geschikt voor Vw - Golf 5 - Bluetooth - Carkit- Audio - Streaming - AD,No Name,"3,0",1,https://www.bol.com/nl/nl/p/radio-cd-speler-geschikt-voor-vw-golf-5-bluetooth-carkit-audio-streaming-ad/9200000114029886/?bltgh=oELmGi2OrKtOzuJs9QxG8g.3_19.39.ProductTitle,"149,95",Audio & Hifi
9300000042730527,Octopus Learn to Play Concert Ukelele UK-215C - Naturel,Octopus,,,https://www.bol.com/nl/nl/p/octopus-learn-to-play-concert-ukelele-uk-215c-naturel/9300000042730527/?bltgh=oELmGi2OrKtOzuJs9QxG8g.3_19.40.ProductTitle,"44,90",Audio & Hifi
9300000132445503,Audiolab DC Block 6 - Netstroomfilter 6 aansluitingen - Filtercircuit van hoge kwaliteit – Verwijdert onzuiverheden uit het lichtnet - Zwart,Audiolab,"5,0",1,https://www.bol.com/nl/nl/p/audiolab-dc-block-6-netstroomfilter-6-aansluitingen-zilver/9300000132445503/?bltgh=oELmGi2OrKtOzuJs9QxG8g.3_19.41.ProductTitle,"375,00",Audio & Hifi
9200000082186952,Power Dynamics PDM-C805A 8-Kanaals Mixer met Versterker en Bluetooth,Power Dynamics,"5,0",1,https://www.bol.com/nl/nl/p/power-dynamics-pdm-c805a-8-kanaals-mixer-met-versterker-en-bluetooth/9200000082186952/?bltgh=oELmGi2OrKtOzuJs9QxG8g.3_19.42.ProductTitle,"189,90",Audio & Hifi
9200000100318559,Led Cube iDance Bluetooth Speaker - Muziekspeler IDance,iDance,"5,0",1,https://www.bol.com/nl/nl/p/led-cube-idance-bluetooth-speaker-muziekspeler-idance/9200000100318559/?bltgh=oELmGi2OrKtOzuJs9QxG8g.3_19.43.ProductTitle,"39,95",Audio & Hifi
9300000071543833,CarPlay Android Auto Fiat 500 2007-2015 Android 10 navigatie en multimediasysteem autoradio bluetooth usb wifi SD kaart 2+16GB Beige,Merkloos,,,https://www.bol.com/nl/nl/p/carplay-android-auto-fiat-500-2007-2015-android-10-navigatie-en-multimediasysteem-autoradio-bluetooth-usb-wifi-sd-kaart-2-16gb-beige/9300000071543833/?bltgh=oELmGi2OrKtOzuJs9QxG8g.3_19.44.ProductTitle,"319,99",Audio & Hifi
9300000132891012,Surround set home cinema - Fenton AV550BT 5.1 versterker met walnoot speakers en actieve subwoofer,Fenton,"3,0",2,https://www.bol.com/nl/nl/p/surround-set-home-cinema-fenton-av550bt-5-1-versterker-met-walnoot-speakers-en-actieve-subwoofer/9300000132891012/?bltgh=oELmGi2OrKtOzuJs9QxG8g.3_19.45.ProductTitle,"439,00",Audio & Hifi
9300000140102590,Crosley Cadence Cube Speaker met Bluetooth,Crosley,,,https://www.bol.com/nl/nl/p/crosley-cadence-cube-speaker-met-bluetooth/9300000140102590/?bltgh=oELmGi2OrKtOzuJs9QxG8g.3_19.46.ProductTitle,"99,00",Audio & Hifi
9200000122983434,Fame Cymbal Boom Stand CBS4000 - Bekken standaard,Fame,,,https://www.bol.com/nl/nl/p/fame-cymbal-boom-stand-cbs4000-bekken-standaard/9200000122983434/?bltgh=oELmGi2OrKtOzuJs9QxG8g.3_19.47.ProductTitle,"40,00",Audio & Hifi
9300000158468083,STREETZ HL-W107 Semi-in-ear oordopjes - Microfoon & Control button - Wit,Fontastic,,,https://www.bol.com/nl/nl/p/streetz-hl-w107-semi-in-ear-oordopjes-microfoon-control-button-wit/9300000158468083/?bltgh=oELmGi2OrKtOzuJs9QxG8g.3_19.48.ProductTitle,"11,50",Audio & Hifi
